<beans xmlns="http://www.springframework.org/schema/beans"
	xmlns:context="http://www.springframework.org/schema/context"
	xmlns:xsi="http://www.w3.org/2001/XMLSchema-instance" 
	xmlns:jaxrs="http://cxf.apache.org/jaxrs"
	xsi:schemaLocation="http://www.springframework.org/schema/beans
	http://www.springframework.org/schema/beans/spring-beans-3.0.xsd
	http://cxf.apache.org/jaxrs 
 	http://cxf.apache.org/schemas/jaxrs.xsd	
	http://www.springframework.org/schema/context
	http://www.springframework.org/schema/context/spring-context-3.0.xsd">

	<!-- <import resource="classpath:common-context.xml" /> -->

    <!-- <import resource="classpath:api-utils-context.xml" /> -->
	
	<import resource="classpath:loginext-context.xml" />
	
	<!-- Core business service Context-->
	<context:component-scan base-package="com.pubmatic.loginext" />
	
	
	<jaxrs:server id="loginext-service-rest" address="/">
		<jaxrs:serviceBeans>
			<ref bean="creativeAttributeScanResource"/>
		</jaxrs:serviceBeans>
		<jaxrs:providers>
			<ref bean="jacksonProvider" />
			<!-- Uncomment this line for enabling the authentication.
				<ref bean="authenticationHandler" /> 
			-->
			<ref bean="abstractRunTimeExceptionMapper" />
		</jaxrs:providers>
				
		<jaxrs:outFaultInterceptors>
			<ref bean="customFaultInterceptor" />
		</jaxrs:outFaultInterceptors>
		<jaxrs:inFaultInterceptors>
			<ref bean="customFaultInterceptor" />
		</jaxrs:inFaultInterceptors>
	</jaxrs:server>

	<import resource="classpath:META-INF/cxf/cxf.xml" />
	<import resource="classpath:META-INF/cxf/cxf-servlet.xml" />
	
	
	<bean id="jacksonMapper" class="org.codehaus.jackson.map.ObjectMapper">
		<property name="serializationConfig.dateFormat">
			<bean class="java.text.SimpleDateFormat">
				<constructor-arg value="yyyy-MM-dd HH:mm:ss" />
			</bean>
		</property>
	</bean>
	
	<!-- <bean id="creativeAttributeScanService"
		class="com.pubmatic.loginext.services.impl.CreativeAttributeScanServiceImpl">
		<property name="dataSource" ref="brandShieldDataSource" />
	</bean>  -->
	
	<!-- <bean id="creativeAttributeScanResource" 
	      class="com.pubmatic.loginext.rest.CreativeAttributeScanResource">
		<property name="creativeAttributeScanService" ref="creativeAttributeScanService"></property>
	</bean> -->
	
	<bean id="jacksonProvider" class="org.codehaus.jackson.jaxrs.JacksonJsonProvider">
		<property name="mapper" ref="jacksonMapper"></property>
	</bean>
	
</beans>
