<beans xmlns="http://www.springframework.org/schema/beans"
	xmlns:context="http://www.springframework.org/schema/context"
	xmlns:xsi="http://www.w3.org/2001/XMLSchema-instance" xmlns:aop="http://www.springframework.org/schema/aop"
	xsi:schemaLocation="http://www.springframework.org/schema/beans
           http://www.springframework.org/schema/beans/spring-beans-2.0.xsd
           http://www.springframework.org/schema/context
           http://www.springframework.org/schema/context/spring-context-3.0.xsd
           http://www.springframework.org/schema/aop
           http://www.springframework.org/schema/aop/spring-aop-3.0.xsd">

	<!-- <context:property-placeholder location="classpath:creativescan.properties"
		ignore-unresolvable="true" /> -->
	<context:component-scan base-package="com.pubmatic.loginext" />
	
	<!-- <bean id="creativeAttributeScanServiceImpl"
		class="com.pubmatic.loginext.services.impl.CreativeAttributeScanServiceImpl">
		<property name="dataSource" ref="brandShieldDataSource" />
	</bean>  -->

	<!-- <bean id="creativescanMessageSource"
		class="org.springframework.context.support.ReloadableResourceBundleMessageSource">
		<property name="basename" value="classpath:creativescan-messages" />
		<property name="defaultEncoding" value="UTF-8" />
	</bean>

	<bean id="manualCreativeReviewDao"
		class="com.pubmatic.creativescan.dao.impl.ManualCreativeReviewDaoImpl">
		<property name="dataSource" ref="brandShieldDataSource" />
	</bean> -->
	
	<!-- <bean id="manualCreativeReviewServiceImpl"
		class="com.pubmatic.creativescan.services.impl.ManualCreativeReviewServiceImpl" />

	<import resource="creativescan-dao-context.xml" />  -->
</beans>
